CTPRVN_CD,CTP_ENG_NM,CTP_KOR_NM,SIG_CD,SIG_ENG_NM,SIG_KOR_NM,x,y,행정구역,2024년04월_총인구수,2024년04월_세대수,2024년04월_세대당 인구,2024년04월_남자 인구수,2024년04월_여자 인구수,2024년04월_남여 비율
11,Seoul,서울특별시,11110,Jongno-gu,종로구,126.9773212949,37.5949173193,서울특별시종로구,"139,432","72,479",1.92,"67,138","72,294",0.93
11,Seoul,서울특별시,11140,Jung-gu,중구,126.9959681397,37.5601435646,서울특별시중구,"121,607","65,225",1.86,"58,737","62,870",0.93
11,Seoul,서울특별시,11170,Yongsan-gu,용산구,126.9799069882,37.5313849659,서울특별시용산구,"207,969","105,240",1.98,"99,566","108,403",0.92
11,Seoul,서울특별시,11200,Seongdong-gu,성동구,127.0410585333,37.5510296891,서울특별시성동구,"276,847","133,297",2.08,"134,161","142,686",0.94
11,Seoul,서울특별시,11215,Gwangjin-gu,광진구,127.0857440977,37.5467202379,서울특별시광진구,"334,790","170,588",1.96,"160,670","174,120",0.92
11,Seoul,서울특별시,11230,Dongdaemun-gu,동대문구,127.0548481278,37.5819565479,서울특별시동대문구,"341,981","174,086",1.96,"167,523","174,458",0.96
11,Seoul,서울특별시,11260,Jungnang-gu,중랑구,127.0928831763,37.5978173799,서울특별시중랑구,"381,668","188,694",2.02,"186,915","194,753",0.96
11,Seoul,서울특별시,11290,Seongbuk-gu,성북구,127.0175794912,37.6057019024,서울특별시성북구,"424,663","197,440",2.15,"203,536","221,127",0.92
11,Seoul,서울특별시,11305,Gangbuk-gu,강북구,127.0111889752,37.6434739136,서울특별시강북구,"285,880","143,238",2.0,"138,198","147,682",0.94
11,Seoul,서울특별시,11320,Dobong-gu,도봉구,127.0323688196,37.6691020803,서울특별시도봉구,"306,057","138,829",2.2,"148,216","157,841",0.94
11,Seoul,서울특별시,11350,Nowon-gu,노원구,127.0750368665,37.6525103231,서울특별시노원구,"496,406","218,585",2.27,"238,110","258,296",0.92
11,Seoul,서울특별시,11380,Eunpyeong-gu,은평구,126.9270228772,37.6192112826,서울특별시은평구,"465,660","216,381",2.15,"220,905","244,755",0.9
11,Seoul,서울특별시,11410,Seodaemun-gu,서대문구,126.9390630957,37.5777853092,서울특별시서대문구,"306,001","147,508",2.07,"145,109","160,892",0.9
11,Seoul,서울특별시,11440,Mapo-gu,마포구,126.9082700274,37.5593134926,서울특별시마포구,"363,449","181,710",2.0,"169,555","193,894",0.87
11,Seoul,서울특별시,11470,Yangcheon-gu,양천구,126.8554776602,37.5247894102,서울특별시양천구,"433,975","180,585",2.4,"211,634","222,341",0.95
11,Seoul,서울특별시,11500,Gangseo-gu,강서구,126.8228066897,37.561235428,서울특별시강서구,"560,679","274,226",2.04,"268,551","292,128",0.92
11,Seoul,서울특별시,11530,Guro-gu,구로구,126.856300579,37.4944054286,서울특별시구로구,"390,952","184,234",2.12,"191,538","199,414",0.96
11,Seoul,서울특별시,11545,Geumcheon-gu,금천구,126.9008202444,37.4605675649,서울특별시금천구,"226,955","121,117",1.87,"114,184","112,771",1.01
11,Seoul,서울특별시,11560,Yeongdeungpo-gu,영등포구,126.9101694674,37.5223082886,서울특별시영등포구,"375,090","191,856",1.96,"183,600","191,490",0.96
11,Seoul,서울특별시,11590,Dongjak-gu,동작구,126.9516414544,37.4988768761,서울특별시동작구,"378,871","187,734",2.02,"183,129","195,742",0.94
11,Seoul,서울특별시,11620,Gwanak-gu,관악구,126.9453371531,37.4673756906,서울특별시관악구,"481,722","286,396",1.68,"242,633","239,089",1.01
11,Seoul,서울특별시,11650,Seocho-gu,서초구,127.0312203111,37.4732954673,서울특별시서초구,"407,596","170,348",2.39,"193,966","213,630",0.91
11,Seoul,서울특별시,11680,Gangnam-gu,강남구,127.0629852042,37.4966438943,서울특별시강남구,"554,651","243,741",2.28,"265,347","289,304",0.92
11,Seoul,서울특별시,11710,Songpa-gu,송파구,127.1152950397,37.5056192415,서울특별시송파구,"653,447","287,220",2.28,"313,669","339,778",0.92
11,Seoul,서울특별시,11740,Gangdong-gu,강동구,127.1470118418,37.5504502432,서울특별시강동구,"461,921","205,380",2.25,"225,525","236,396",0.95
26,Busan,부산광역시,26110,Jung-gu,중구,129.0323114503,35.1056363528,부산광역시중구,"38,385","23,819",1.61,"18,631","19,754",0.94
26,Busan,부산광역시,26140,Seo-gu,서구,129.0149132626,35.1029578597,부산광역시서구,"103,289","53,458",1.93,"49,662","53,627",0.93
26,Busan,부산광역시,26170,Dong-gu,동구,129.0445855791,35.129186317,부산광역시동구,"87,170","47,375",1.84,"42,353","44,817",0.95
26,Busan,부산광역시,26200,Yeongdo-gu,영도구,129.0648232878,35.0786499762,부산광역시영도구,"105,864","54,312",1.95,"51,961","53,903",0.96
26,Busan,부산광역시,26230,Busanjin-gu,부산진구,129.043060341,35.1652441104,부산광역시부산진구,"361,320","183,993",1.96,"173,271","188,049",0.92
26,Busan,부산광역시,26260,Dongnae-gu,동래구,129.079220087,35.2062124414,부산광역시동래구,"268,872","119,528",2.25,"129,694","139,178",0.93
26,Busan,부산광역시,26290,Nam-gu,남구,129.0943068495,35.1255476475,부산광역시남구,"255,629","119,893",2.13,"124,468","131,161",0.95
26,Busan,부산광역시,26320,Buk-gu,북구,129.0234632558,35.2292478923,부산광역시북구,"271,525","122,975",2.21,"133,421","138,104",0.97
26,Busan,부산광역시,26350,Haeundae-gu,해운대구,129.1535899896,35.1938551239,부산광역시해운대구,"377,664","169,165",2.23,"180,958","196,706",0.92
26,Busan,부산광역시,26380,Saha-gu,사하구,128.9738076652,35.0888791158,부산광역시사하구,"295,217","140,503",2.1,"146,475","148,742",0.98
26,Busan,부산광역시,26410,Geumjeong-gu,금정구,129.0915287444,35.2588937453,부산광역시금정구,"213,602","105,621",2.02,"104,122","109,480",0.95
26,Busan,부산광역시,26440,Gangseo-gu,강서구,128.8924006328,35.1383478736,부산광역시강서구,"142,103","62,215",2.28,"73,705","68,398",1.08
26,Busan,부산광역시,26470,Yeonje-gu,연제구,129.0829352671,35.1824179804,부산광역시연제구,"211,851","98,521",2.15,"101,178","110,673",0.91
26,Busan,부산광역시,26500,Suyeong-gu,수영구,129.1112017181,35.161307535,부산광역시수영구,"173,501","88,261",1.97,"81,316","92,185",0.88
26,Busan,부산광역시,26530,Sasang-gu,사상구,128.9865923736,35.1580309689,부산광역시사상구,"201,614","100,051",2.02,"101,122","100,492",1.01
26,Busan,부산광역시,26710,Gijang-gun,기장군,129.2009559931,35.2980116552,부산광역시기장군,"177,341","79,603",2.23,"87,897","89,444",0.98
27,Daegu,대구광역시,27110,Jung-gu,중구,128.5936058299,35.8665352871,대구광역시중구,"90,953","45,964",1.98,"43,522","47,431",0.92
27,Daegu,대구광역시,27140,Dong-gu,동구,128.6856599199,35.934426327,대구광역시동구,"342,302","163,393",2.09,"167,637","174,665",0.96
27,Daegu,대구광역시,27170,Seo-gu,서구,128.5496976001,35.8750016701,대구광역시서구,"164,069","84,251",1.95,"81,387","82,682",0.98
27,Daegu,대구광역시,27200,Nam-gu,남구,128.5853296276,35.8351771566,대구광역시남구,"137,566","75,443",1.82,"65,656","71,910",0.91
27,Daegu,대구광역시,27230,Buk-gu,북구,128.5773994014,35.9287966278,대구광역시북구,"416,439","191,340",2.18,"206,452","209,987",0.98
27,Daegu,대구광역시,27260,Suseong-gu,수성구,128.6612744126,35.8338488599,대구광역시수성구,"408,899","173,616",2.36,"196,908","211,991",0.93
27,Daegu,대구광역시,27290,Dalseo-gu,달서구,128.5292121405,35.8274830975,대구광역시달서구,"525,496","236,632",2.22,"257,701","267,795",0.96
27,Daegu,대구광역시,27710,Dalseong-gun,달성군,128.4982256436,35.7597159395,대구광역시달성군,"260,152","114,041",2.28,"131,977","128,175",1.03
27,Daegu,대구광역시,27720,Gunwi-gun,군위군,128.6482246017,36.1701120837,대구광역시군위군,"22,794","13,521",1.69,"11,761","11,033",1.07
28,Incheon,인천광역시,28110,Jung-gu,중구,126.4828246609,37.4690984322,인천광역시중구,"162,789","81,548",2.0,"84,177","78,612",1.07
28,Incheon,인천광역시,28140,Dong-gu,동구,126.6390333833,37.4833387907,인천광역시동구,"58,931","27,969",2.11,"29,501","29,430",1.0
28,Incheon,인천광역시,28177,Michuhol-gu,미추홀구,126.6646546469,37.4525949144,인천광역시미추홀구,"408,275","198,109",2.06,"205,475","202,800",1.01
28,Incheon,인천광역시,28185,Yeonsu-gu,연수구,126.6485628244,37.3959210115,인천광역시연수구,"394,421","161,456",2.44,"195,602","198,819",0.98
28,Incheon,인천광역시,28200,Namdong-gu,남동구,126.7265702207,37.4311330039,인천광역시남동구,"489,479","224,315",2.18,"243,005","246,474",0.99
28,Incheon,인천광역시,28237,Bupyeong-gu,부평구,126.7212094477,37.4966587432,인천광역시부평구,"494,750","224,470",2.2,"243,479","251,271",0.97
28,Incheon,인천광역시,28245,Gyeyang-gu,계양구,126.73469993,37.5572969593,인천광역시계양구,"280,794","126,806",2.21,"139,726","141,068",0.99
28,Incheon,인천광역시,28260,Seo-gu,서구,126.6558210722,37.557867656,인천광역시서구,"629,925","269,384",2.34,"317,121","312,804",1.01
28,Incheon,인천광역시,28710,Ganghwa-gun,강화군,126.4020853602,37.7124407796,인천광역시강화군,"68,918","35,044",1.97,"34,487","34,431",1.0
28,Incheon,인천광역시,28720,Ongjin-gun,옹진군,125.6359906907,37.5439706699,인천광역시옹진군,"20,202","12,449",1.62,"11,505","8,697",1.32
29,Gwangju,광주광역시,29110,Dong-gu,동구,126.9494642783,35.1173802315,광주광역시동구,"106,690","55,350",1.93,"52,561","54,129",0.97
29,Gwangju,광주광역시,29140,Seo-gu,서구,126.85071914,35.135693109,광주광역시서구,"282,274","133,512",2.11,"138,013","144,261",0.96
29,Gwangju,광주광역시,29155,Nam-gu,남구,126.8567180992,35.0940582462,광주광역시남구,"208,632","95,406",2.19,"99,789","108,843",0.92
29,Gwangju,광주광역시,29170,Buk-gu,북구,126.9254864786,35.1932461078,광주광역시북구,"422,779","200,929",2.1,"209,100","213,679",0.98
29,Gwangju,광주광역시,29200,Gwangsan-gu,광산구,126.7528952152,35.1650350151,광주광역시광산구,"394,487","171,787",2.3,"199,165","195,322",1.02
30,Daejeon,대전광역시,30110,Dong-gu,동구,127.4750374268,36.3239202317,대전광역시동구,"216,533","109,330",1.98,"109,021","107,512",1.01
30,Daejeon,대전광역시,30140,Jung-gu,중구,127.4110573084,36.2808601508,대전광역시중구,"223,581","107,495",2.08,"109,716","113,865",0.96
30,Daejeon,대전광역시,30170,Seo-gu,서구,127.3451041252,36.2802396257,대전광역시서구,"463,328","218,164",2.12,"227,316","236,012",0.96
30,Daejeon,대전광역시,30200,Yuseong-gu,유성구,127.3331286835,36.3766117883,대전광역시유성구,"367,634","168,359",2.18,"186,255","181,379",1.03
30,Daejeon,대전광역시,30230,Daedeok-gu,대덕구,127.4401518094,36.4121786816,대전광역시대덕구,"170,196","81,192",2.1,"86,489","83,707",1.03
31,Ulsan,울산광역시,31110,Jung-gu,중구,129.3082428543,35.5710493389,울산광역시중구,"208,000","94,545",2.2,"105,265","102,735",1.02
31,Ulsan,울산광역시,31140,Nam-gu,남구,129.328202259,35.5160499553,울산광역시남구,"305,346","140,444",2.17,"155,935","149,411",1.04
31,Ulsan,울산광역시,31170,Dong-gu,동구,129.4260655152,35.5255736518,울산광역시동구,"151,663","68,051",2.23,"79,167","72,496",1.09
31,Ulsan,울산광역시,31200,Buk-gu,북구,129.379810506,35.6100539221,울산광역시북구,"216,895","88,554",2.45,"112,399","104,496",1.08
31,Ulsan,울산광역시,31710,Ulju-gun,울주군,129.1876938893,35.5460792862,울산광역시울주군,"219,155","101,317",2.16,"113,489","105,666",1.07
41,Gyeonggi-do,경기도,41111,"Jangan-gu, Suwon-si",수원시 장안구,127.0034517059,37.3139656949,경기도수원시장안구,"273,317","121,550",2.25,"137,230","136,087",1.01
41,Gyeonggi-do,경기도,41113,"Gwonseon-gu, Suwon-si",수원시 권선구,126.979758331,37.26052476,경기도수원시권선구,"365,287","164,662",2.22,"184,551","180,736",1.02
41,Gyeonggi-do,경기도,41115,"Paldal-gu, Suwon-si",수원시 팔달구,127.0162386682,37.2774636264,경기도수원시팔달구,"195,864","98,119",2.0,"98,608","97,256",1.01
41,Gyeonggi-do,경기도,41117,"Yeongtong-gu, Suwon-si",수원시 영통구,127.0567283722,37.2750190118,경기도수원시영통구,"362,519","155,419",2.33,"181,667","180,852",1.0
41,Gyeonggi-do,경기도,41131,"Sujeong-gu, Seongnam-si",성남시 수정구,127.1041452076,37.4351662434,경기도성남시수정구,"237,536","117,427",2.02,"120,260","117,276",1.03
41,Gyeonggi-do,경기도,41133,"Jungwon-gu, Seongnam-si",성남시 중원구,127.1639099131,37.4334332323,경기도성남시중원구,"209,574","101,104",2.07,"105,822","103,752",1.02
41,Gyeonggi-do,경기도,41135,"Bundang-gu, Seongnam-si",성남시 분당구,127.1060640121,37.3793015652,경기도성남시분당구,"471,596","192,324",2.45,"228,574","243,022",0.94
41,Gyeonggi-do,경기도,41150,Uijeongbu-si,의정부시,127.0684230812,37.7361921087,경기도의정부시,"462,010","209,716",2.2,"227,022","234,988",0.97
41,Gyeonggi-do,경기도,41171,"Manan-gu, Anyang-si",안양시 만안구,126.9113829557,37.404116264,경기도안양시만안구,"229,237","101,659",2.25,"114,379","114,858",1.0
41,Gyeonggi-do,경기도,41173,"Dongan-gu, Anyang-si",안양시 동안구,126.9555026335,37.4003900605,경기도안양시동안구,"316,945","127,407",2.49,"155,212","161,733",0.96
41,Gyeonggi-do,경기도,41192,"Wonmi-gu, Bucheon-si",부천시 원미구,126.7789504126,37.4997986969,경기도부천시원미구,"392,412","174,499",2.25,"192,843","199,569",0.97
41,Gyeonggi-do,경기도,41194,"Sosa-gu, Bucheon-si",부천시 소사구,126.7968040931,37.4749370995,경기도부천시소사구,"229,083","99,209",2.31,"112,465","116,618",0.96
41,Gyeonggi-do,경기도,41196,"Ojeong-gu, Bucheon-si",부천시 오정구,126.7934500316,37.52760187,경기도부천시오정구,"153,993","69,989",2.2,"77,767","76,226",1.02
41,Gyeonggi-do,경기도,41210,Gwangmyeong-si,광명시,126.864694047,37.4451691206,경기도광명시,"278,983","114,854",2.43,"136,804","142,179",0.96
41,Gyeonggi-do,경기도,41220,Pyeongtaek-si,평택시,126.9876636064,37.0118247851,경기도평택시,"593,276","282,309",2.1,"311,687","281,589",1.11
41,Gyeonggi-do,경기도,41250,Dongducheon-si,동두천시,127.0779127315,37.9165376081,경기도동두천시,"87,725","43,213",2.03,"43,733","43,992",0.99
41,Gyeonggi-do,경기도,41271,"Sangnok-gu, Ansan-si",안산시 상록구,126.8708150352,37.3160038291,경기도안산시상록구,"331,470","152,589",2.17,"169,077","162,393",1.04
41,Gyeonggi-do,경기도,41273,"Danwon-gu, Ansan-si",안산시 단원구,126.6940425968,37.2819261964,경기도안산시단원구,"294,696","136,210",2.16,"151,710","142,986",1.06
41,Gyeonggi-do,경기도,41281,"Deogyang-gu, Goyang-si",고양시 덕양구,126.8786318236,37.6558098689,경기도고양시덕양구,"493,517","220,289",2.24,"242,523","250,994",0.97
41,Gyeonggi-do,경기도,41285,"Ilsandong-gu, Goyang-si",고양시 일산동구,126.797340287,37.6797829424,경기도고양시일산동구,"292,754","128,927",2.27,"141,955","150,799",0.94
41,Gyeonggi-do,경기도,41287,"Ilsanseo-gu, Goyang-si",고양시 일산서구,126.727857827,37.6803266088,경기도고양시일산서구,"285,001","115,475",2.47,"137,889","147,112",0.94
41,Gyeonggi-do,경기도,41290,Gwacheon-si,과천시,127.002679467,37.4338452851,경기도과천시,"83,358","30,110",2.77,"40,763","42,595",0.96
41,Gyeonggi-do,경기도,41310,Guri-si,구리시,127.1312311767,37.5992188646,경기도구리시,"186,148","80,444",2.31,"92,050","94,098",0.98
41,Gyeonggi-do,경기도,41360,Namyangju-si,남양주시,127.2436606448,37.6625298136,경기도남양주시,"733,209","306,345",2.39,"363,407","369,802",0.98
41,Gyeonggi-do,경기도,41370,Osan-si,오산시,127.0513296673,37.1632906796,경기도오산시,"234,591","107,219",2.19,"122,349","112,242",1.09
41,Gyeonggi-do,경기도,41390,Siheung-si,시흥시,126.783968356,37.3862436159,경기도시흥시,"519,060","228,942",2.27,"270,813","248,247",1.09
41,Gyeonggi-do,경기도,41410,Gunpo-si,군포시,126.9211122978,37.3434723253,경기도군포시,"259,595","112,979",2.3,"128,788","130,807",0.98
41,Gyeonggi-do,경기도,41430,Uiwang-si,의왕시,126.9896254561,37.3623877442,경기도의왕시,"156,482","63,514",2.46,"77,546","78,936",0.98
41,Gyeonggi-do,경기도,41450,Hanam-si,하남시,127.2059437992,37.5228141773,경기도하남시,"329,456","141,530",2.33,"163,932","165,524",0.99
41,Gyeonggi-do,경기도,41461,"Cheoin-gu, Yongin-si",용인시 처인구,127.2529331499,37.2033318957,경기도용인시처인구,"265,475","120,314",2.21,"136,386","129,089",1.06
41,Gyeonggi-do,경기도,41463,"Giheung-gu, Yongin-si",용인시 기흥구,127.1213408459,37.2674315832,경기도용인시기흥구,"437,123","176,021",2.48,"215,496","221,627",0.97
41,Gyeonggi-do,경기도,41465,"Suji-gu, Yongin-si",용인시 수지구,127.0715510732,37.3334474297,경기도용인시수지구,"376,728","142,535",2.64,"183,426","193,302",0.95
41,Gyeonggi-do,경기도,41480,Paju-si,파주시,126.8093559833,37.8555387669,경기도파주시,"504,999","223,565",2.26,"255,652","249,347",1.03
41,Gyeonggi-do,경기도,41500,Icheon-si,이천시,127.4810148413,37.2097848689,경기도이천시,"221,493","104,176",2.13,"115,425","106,068",1.09
41,Gyeonggi-do,경기도,41550,Anseong-si,안성시,127.3027222921,37.0350270541,경기도안성시,"190,853","92,643",2.06,"98,717","92,136",1.07
41,Gyeonggi-do,경기도,41570,Gimpo-si,김포시,126.6264306224,37.6817723728,경기도김포시,"485,494","205,111",2.37,"242,419","243,075",1.0
41,Gyeonggi-do,경기도,41590,Hwaseong-si,화성시,126.8748587192,37.1652351442,경기도화성시,"951,179","408,571",2.33,"493,982","457,197",1.08
41,Gyeonggi-do,경기도,41610,Gwangju-si,광주시,127.301175952,37.4030907411,경기도광주시,"392,858","171,889",2.29,"200,312","192,546",1.04
41,Gyeonggi-do,경기도,41630,Yangju-si,양주시,127.0011349029,37.8086575582,경기도양주시,"276,970","121,968",2.27,"139,607","137,363",1.02
41,Gyeonggi-do,경기도,41650,Pocheon-si,포천시,127.2503372803,37.9697780108,경기도포천시,"142,545","73,053",1.95,"75,459","67,086",1.12
41,Gyeonggi-do,경기도,41670,Yeoju-si,여주시,127.615737345,37.302458419,경기도여주시,"114,372","55,875",2.05,"58,169","56,203",1.03
41,Gyeonggi-do,경기도,41800,Yeoncheon-gun,연천군,127.0244563969,38.0927299479,경기도연천군,"41,111","21,794",1.89,"21,556","19,555",1.1
41,Gyeonggi-do,경기도,41820,Gapyeong-gun,가평군,127.4501921311,37.8184331716,경기도가평군,"62,281","32,748",1.9,"32,056","30,225",1.06
41,Gyeonggi-do,경기도,41830,Yangpyeong-gun,양평군,127.5792644604,37.5180558487,경기도양평군,"125,981","62,421",2.02,"63,164","62,817",1.01
43,Chungcheongbuk-do,충청북도,43111,"Sangdang-gu, Cheongju-si",청주시 상당구,127.5848818455,36.5921125741,충청북도청주시상당구,"200,035","89,900",2.23,"99,352","100,683",0.99
43,Chungcheongbuk-do,충청북도,43112,"Seowon-gu, Cheongju-si",청주시 서원구,127.4384032959,36.547265056,충청북도청주시서원구,"185,077","88,834",2.08,"92,194","92,883",0.99
43,Chungcheongbuk-do,충청북도,43113,"Heungdeok-gu, Cheongju-si",청주시 흥덕구,127.369274884,36.6469607626,충청북도청주시흥덕구,"276,761","131,859",2.1,"140,980","135,781",1.04
43,Chungcheongbuk-do,충청북도,43114,"Cheongwon-gu, Cheongju-si",청주시 청원구,127.4913176172,36.7205789141,충청북도청주시청원구,"189,917","90,327",2.1,"97,796","92,121",1.06
43,Chungcheongbuk-do,충청북도,43130,Chungju-si,충주시,127.8956622648,37.0151969422,충청북도충주시,"207,568","102,750",2.02,"105,398","102,170",1.03
43,Chungcheongbuk-do,충청북도,43150,Jecheon-si,제천시,128.1409592983,37.059911832,충청북도제천시,"129,900","66,378",1.96,"65,384","64,516",1.01
43,Chungcheongbuk-do,충청북도,43720,Boeun-gun,보은군,127.7293356715,36.4899495877,충청북도보은군,"30,826","16,876",1.83,"15,611","15,215",1.03
43,Chungcheongbuk-do,충청북도,43730,Okcheon-gun,옥천군,127.6565588577,36.3204561131,충청북도옥천군,"48,673","25,413",1.92,"24,593","24,080",1.02
43,Chungcheongbuk-do,충청북도,43740,Yeongdong-gun,영동군,127.8142281436,36.1596589565,충청북도영동군,"43,909","23,730",1.85,"22,064","21,845",1.01
43,Chungcheongbuk-do,충청북도,43745,Jeungpyeong-gun,증평군,127.6046180782,36.7864730135,충청북도증평군,"37,387","18,983",1.97,"19,486","17,901",1.09
43,Chungcheongbuk-do,충청북도,43750,Jincheon-gun,진천군,127.4404635509,36.8709995194,충청북도진천군,"86,626","42,943",2.02,"45,812","40,814",1.12
43,Chungcheongbuk-do,충청북도,43760,Goesan-gun,괴산군,127.8295881245,36.7696590254,충청북도괴산군,"36,264","21,219",1.71,"18,755","17,509",1.07
43,Chungcheongbuk-do,충청북도,43770,Eumseong-gun,음성군,127.6142067696,36.9762226144,충청북도음성군,"90,283","48,355",1.87,"47,989","42,294",1.13
43,Chungcheongbuk-do,충청북도,43800,Danyang-gun,단양군,128.3878416208,36.9944527625,충청북도단양군,"27,628","15,354",1.8,"14,071","13,557",1.04
44,Chungcheongnam-do,충청남도,44131,"Dongnam-gu, Cheonan-si",천안시 동남구,127.2208946044,36.7641172259,충청남도천안시동남구,"260,094","123,677",2.1,"131,827","128,267",1.03
44,Chungcheongnam-do,충청남도,44133,"Seobuk-gu, Cheonan-si",천안시 서북구,127.1618094038,36.8927106705,충청남도천안시서북구,"397,539","185,889",2.14,"205,407","192,132",1.07
44,Chungcheongnam-do,충청남도,44150,Gongju-si,공주시,127.0752191141,36.4798197619,충청남도공주시,"102,098","53,510",1.91,"50,903","51,195",0.99
44,Chungcheongnam-do,충청남도,44180,Boryeong-si,보령시,126.5929573914,36.3432836536,충청남도보령시,"94,887","49,528",1.92,"48,074","46,813",1.03
44,Chungcheongnam-do,충청남도,44200,Asan-si,아산시,126.9800755701,36.8073163343,충청남도아산시,"350,535","162,275",2.16,"182,823","167,712",1.09
44,Chungcheongnam-do,충청남도,44210,Seosan-si,서산시,126.4636015841,36.7839934558,충청남도서산시,"175,646","84,284",2.08,"92,021","83,625",1.1
44,Chungcheongnam-do,충청남도,44230,Nonsan-si,논산시,127.1577163767,36.1908869133,충청남도논산시,"109,766","57,669",1.9,"54,917","54,849",1.0
44,Chungcheongnam-do,충청남도,44250,Gyeryong-si,계룡시,127.2344266118,36.2915936975,충청남도계룡시,"46,712","19,527",2.39,"23,331","23,381",1.0
44,Chungcheongnam-do,충청남도,44270,Dangjin-si,당진시,126.6529575009,36.9033883502,충청남도당진시,"170,279","83,509",2.04,"91,150","79,129",1.15
44,Chungcheongnam-do,충청남도,44710,Geumsan-gun,금산군,127.4783118887,36.1190008063,충청남도금산군,"50,069","26,775",1.87,"25,388","24,681",1.03
44,Chungcheongnam-do,충청남도,44760,Buyeo-gun,부여군,126.8569676416,36.2463838972,충청남도부여군,"60,408","32,521",1.86,"30,086","30,322",0.99
44,Chungcheongnam-do,충청남도,44770,Seocheon-gun,서천군,126.7042637536,36.1067807236,충청남도서천군,"48,846","26,541",1.84,"24,158","24,688",0.98
44,Chungcheongnam-do,충청남도,44790,Cheongyang-gun,청양군,126.8531131113,36.4305829588,충청남도청양군,"29,971","16,768",1.79,"15,356","14,615",1.05
44,Chungcheongnam-do,충청남도,44800,Hongseong-gun,홍성군,126.6258295971,36.5700894885,충청남도홍성군,"98,317","48,390",2.03,"49,072","49,245",1.0
44,Chungcheongnam-do,충청남도,44810,Yesan-gun,예산군,126.7843099901,36.6706286184,충청남도예산군,"78,183","40,336",1.94,"39,229","38,954",1.01
44,Chungcheongnam-do,충청남도,44825,Taean-gun,태안군,126.280446681,36.707727089,충청남도태안군,"60,478","33,393",1.81,"30,594","29,884",1.02
46,Jellanam-do,전라남도,46110,Mokpo-si,목포시,126.3918352799,34.8037641607,전라남도목포시,"213,172","104,676",2.04,"105,918","107,254",0.99
46,Jellanam-do,전라남도,46130,Yeosu-si,여수시,127.6532558512,34.6985691692,전라남도여수시,"270,634","128,987",2.1,"137,872","132,762",1.04
46,Jellanam-do,전라남도,46150,Suncheon-si,순천시,127.3891627292,34.9947450551,전라남도순천시,"277,342","126,718",2.19,"138,512","138,830",1.0
46,Jellanam-do,전라남도,46170,Naju-si,나주시,126.7204103204,34.988589395,전라남도나주시,"117,043","60,254",1.94,"59,125","57,918",1.02
46,Jellanam-do,전라남도,46230,Gwangyang-si,광양시,127.6550733929,35.0206502812,전라남도광양시,"152,770","70,594",2.16,"80,033","72,737",1.1
46,Jellanam-do,전라남도,46710,Damyang-gun,담양군,126.9952908559,35.2914951032,전라남도담양군,"45,007","24,405",1.84,"22,778","22,229",1.02
46,Jellanam-do,전라남도,46720,Gokseong-gun,곡성군,127.2635825215,35.2166135526,전라남도곡성군,"26,769","15,556",1.72,"13,286","13,483",0.99
46,Jellanam-do,전라남도,46730,Gurye-gun,구례군,127.5031192523,35.2367662155,전라남도구례군,"24,165","13,402",1.8,"11,809","12,356",0.96
46,Jellanam-do,전라남도,46770,Goheung-gun,고흥군,127.3146204968,34.5984849544,전라남도고흥군,"60,832","35,390",1.72,"29,803","31,029",0.96
46,Jellanam-do,전라남도,46780,Boseong-gun,보성군,127.1621213565,34.8143748975,전라남도보성군,"37,483","21,933",1.71,"18,355","19,128",0.96
46,Jellanam-do,전라남도,46790,Hwasun-gun,화순군,127.033433536,35.0081857266,전라남도화순군,"60,946","31,872",1.91,"30,186","30,760",0.98
46,Jellanam-do,전라남도,46800,Jangheung-gun,장흥군,126.9215445476,34.6764582161,전라남도장흥군,"34,729","19,670",1.77,"17,002","17,727",0.96
46,Jellanam-do,전라남도,46810,Gangjin-gun,강진군,126.7721562864,34.6204099678,전라남도강진군,"32,587","18,412",1.77,"15,922","16,665",0.96
46,Jellanam-do,전라남도,46820,Haenam-gun,해남군,126.5117149617,34.5586722785,전라남도해남군,"64,016","34,856",1.84,"32,037","31,979",1.0
46,Jellanam-do,전라남도,46830,Yeongam-gun,영암군,126.6234991335,34.7958200579,전라남도영암군,"52,050","28,846",1.8,"27,257","24,793",1.1
46,Jellanam-do,전라남도,46840,Muan-gun,무안군,126.4259045843,34.9532045579,전라남도무안군,"90,156","43,559",2.07,"45,359","44,797",1.01
46,Jellanam-do,전라남도,46860,Hampyeong-gun,함평군,126.5356040732,35.1126705355,전라남도함평군,"30,393","17,997",1.69,"15,433","14,960",1.03
46,Jellanam-do,전라남도,46870,Yeonggwang-gun,영광군,126.4531292902,35.2784860289,전라남도영광군,"51,492","27,524",1.87,"25,758","25,734",1.0
46,Jellanam-do,전라남도,46880,Jangseong-gun,장성군,126.7684948991,35.3295643655,전라남도장성군,"42,389","23,403",1.81,"21,774","20,615",1.06
46,Jellanam-do,전라남도,46890,Wando-gun,완도군,126.7768068567,34.2955793288,전라남도완도군,"46,226","25,541",1.81,"23,335","22,891",1.02
46,Jellanam-do,전라남도,46900,Jindo-gun,진도군,126.2150578448,34.439396381,전라남도진도군,"28,807","16,533",1.74,"14,358","14,449",0.99
46,Jellanam-do,전라남도,46910,Sinan-gun,신안군,126.0489070274,34.8124065427,전라남도신안군,"38,191","21,993",1.74,"20,600","17,591",1.17
47,Gyeongsangbuk-do,경상북도,47111,"Nam-gu, Pohang-si",포항시 남구,129.4376166719,35.9583945542,경상북도포항시남구,"224,378","110,529",2.03,"116,623","107,755",1.08
47,Gyeongsangbuk-do,경상북도,47113,"Buk-gu, Pohang-si",포항시 북구,129.2340531398,36.1650549877,경상북도포항시북구,"268,196","124,903",2.15,"133,578","134,618",0.99
47,Gyeongsangbuk-do,경상북도,47130,Gyeongju-si,경주시,129.2359296277,35.8266428015,경상북도경주시,"246,081","124,703",1.97,"123,248","122,833",1.0
47,Gyeongsangbuk-do,경상북도,47150,Gimcheon-si,김천시,128.0777075491,36.0604238589,경상북도김천시,"136,658","69,193",1.98,"68,708","67,950",1.01
47,Gyeongsangbuk-do,경상북도,47170,Andong-si,안동시,128.7800426839,36.5802422056,경상북도안동시,"152,981","79,083",1.93,"75,663","77,318",0.98
47,Gyeongsangbuk-do,경상북도,47190,Gumi-si,구미시,128.3555554795,36.2073096409,경상북도구미시,"404,966","188,523",2.15,"209,032","195,934",1.07
47,Gyeongsangbuk-do,경상북도,47210,Yeongju-si,영주시,128.59768227,36.8704754176,경상북도영주시,"99,960","51,836",1.93,"49,652","50,308",0.99
47,Gyeongsangbuk-do,경상북도,47230,Yeongcheon-si,영천시,128.9426240155,36.0157784387,경상북도영천시,"100,146","55,478",1.81,"51,208","48,938",1.05
47,Gyeongsangbuk-do,경상북도,47250,Sangju-si,상주시,128.0670070217,36.4295023416,경상북도상주시,"93,212","49,497",1.88,"45,907","47,305",0.97
47,Gyeongsangbuk-do,경상북도,47280,Mungyeong-si,문경시,128.1486081748,36.6907915135,경상북도문경시,"68,205","36,815",1.85,"33,484","34,721",0.96
47,Gyeongsangbuk-do,경상북도,47290,Gyeongsan-si,경산시,128.8090551504,35.8340600684,경상북도경산시,"266,169","130,270",2.04,"133,830","132,339",1.01
47,Gyeongsangbuk-do,경상북도,47730,Uiseong-gun,의성군,128.6150673095,36.3620445129,경상북도의성군,"49,588","29,415",1.69,"24,650","24,938",0.99
47,Gyeongsangbuk-do,경상북도,47750,Cheongsong-gun,청송군,129.0573851793,36.3569764279,경상북도청송군,"23,935","14,059",1.7,"12,010","11,925",1.01
47,Gyeongsangbuk-do,경상북도,47760,Yeongyang-gun,영양군,129.145030791,36.6963791919,경상북도영양군,"15,517","8,988",1.73,"7,747","7,770",1.0
47,Gyeongsangbuk-do,경상북도,47770,Yeongdeok-gun,영덕군,129.3173762108,36.4823876945,경상북도영덕군,"33,711","19,660",1.71,"16,113","17,598",0.92
47,Gyeongsangbuk-do,경상북도,47820,Cheongdo-gun,청도군,128.7865270077,35.6729747809,경상북도청도군,"41,140","23,534",1.75,"20,413","20,727",0.98
47,Gyeongsangbuk-do,경상북도,47830,Goryeong-gun,고령군,128.3064495812,35.7369975783,경상북도고령군,"30,190","17,208",1.75,"15,549","14,641",1.06
47,Gyeongsangbuk-do,경상북도,47840,Seongju-gun,성주군,128.2333930816,35.9072234216,경상북도성주군,"41,936","24,130",1.74,"21,918","20,018",1.09
47,Gyeongsangbuk-do,경상북도,47850,Chilgok-gun,칠곡군,128.4625838262,36.0155113111,경상북도칠곡군,"109,234","54,324",2.01,"57,315","51,919",1.1
47,Gyeongsangbuk-do,경상북도,47900,Yecheon-gun,예천군,128.4223840463,36.6538452725,경상북도예천군,"55,090","28,183",1.95,"27,115","27,975",0.97
47,Gyeongsangbuk-do,경상북도,47920,Bonghwa-gun,봉화군,128.9129792649,36.9341621606,경상북도봉화군,"29,393","16,814",1.75,"14,982","14,411",1.04
47,Gyeongsangbuk-do,경상북도,47930,Uljin-gun,울진군,129.3123494661,36.9038972765,경상북도울진군,"46,339","25,535",1.81,"23,424","22,915",1.02
47,Gyeongsangbuk-do,경상북도,47940,Ulleung-gun,울릉군,130.8641880119,37.5019696888,경상북도울릉군,"9,095","5,664",1.61,"5,080","4,015",1.27
48,Gyeongsangnam-do,경상남도,48121,"Uichang-gu, Changwon-si",창원시 의창구,128.64904221,35.3116141981,경상남도창원시의창구,"212,105","97,214",2.18,"107,913","104,192",1.04
48,Gyeongsangnam-do,경상남도,48123,"Seongsan-gu, Changwon-si",창원시 성산구,128.6715989135,35.1988726471,경상남도창원시성산구,"243,411","106,228",2.29,"124,185","119,226",1.04
48,Gyeongsangnam-do,경상남도,48125,"Masanhappo-gu, Changwon-si",창원시 마산합포구,128.4856106806,35.1355875632,경상남도창원시마산합포구,"179,218","86,318",2.08,"88,992","90,226",0.99
48,Gyeongsangnam-do,경상남도,48127,"Masanhoewon-gu, Changwon-si",창원시 마산회원구,128.5364331642,35.2322265876,경상남도창원시마산회원구,"180,072","82,751",2.18,"89,809","90,263",0.99
48,Gyeongsangnam-do,경상남도,48129,"Jinhae-gu, Changwon-si",창원시 진해구,128.7363008265,35.1299494537,경상남도창원시진해구,"189,887","85,650",2.22,"97,680","92,207",1.06
48,Gyeongsangnam-do,경상남도,48170,Jinju-si,진주시,128.1298011308,35.2051576459,경상남도진주시,"339,883","160,582",2.12,"167,871","172,012",0.98
48,Gyeongsangnam-do,경상남도,48220,Tongyeong-si,통영시,128.3744380821,34.8295749213,경상남도통영시,"119,591","59,483",2.01,"60,048","59,543",1.01
48,Gyeongsangnam-do,경상남도,48240,Sacheon-si,사천시,128.0376963483,35.0497034131,경상남도사천시,"108,979","55,442",1.97,"55,166","53,813",1.03
48,Gyeongsangnam-do,경상남도,48250,Gimhae-si,김해시,128.8452157554,35.2721564206,경상남도김해시,"532,510","232,841",2.29,"269,263","263,247",1.02
48,Gyeongsangnam-do,경상남도,48270,Miryang-si,밀양시,128.7896014509,35.4984996963,경상남도밀양시,"101,535","54,021",1.88,"50,162","51,373",0.98
48,Gyeongsangnam-do,경상남도,48310,Geoje-si,거제시,128.6231360152,34.8706177528,경상남도거제시,"233,103","105,130",2.22,"122,029","111,074",1.1
48,Gyeongsangnam-do,경상남도,48330,Yangsan-si,양산시,129.0410414417,35.4018882102,경상남도양산시,"355,560","159,726",2.23,"177,915","177,645",1.0
48,Gyeongsangnam-do,경상남도,48720,Uiryeong-gun,의령군,128.2770577966,35.3924310161,경상남도의령군,"25,354","14,927",1.7,"12,647","12,707",1.0
48,Gyeongsangnam-do,경상남도,48730,Haman-gun,함안군,128.4308768895,35.2910028073,경상남도함안군,"59,625","30,456",1.96,"30,556","29,069",1.05
48,Gyeongsangnam-do,경상남도,48740,Changnyeong-gun,창녕군,128.4930519258,35.5082277303,경상남도창녕군,"56,722","32,065",1.77,"28,394","28,328",1.0
48,Gyeongsangnam-do,경상남도,48820,Goseong-gun,고성군,128.2906631914,35.0163044727,경상남도고성군,"48,929","26,431",1.85,"24,746","24,183",1.02
48,Gyeongsangnam-do,경상남도,48840,Namhae-gun,남해군,127.9411405254,34.8182909796,경상남도남해군,"40,391","22,445",1.8,"19,663","20,728",0.95
48,Gyeongsangnam-do,경상남도,48850,Hadong-gun,하동군,127.779049,35.1383046255,경상남도하동군,"41,300","23,572",1.75,"20,628","20,672",1.0
48,Gyeongsangnam-do,경상남도,48860,Sancheong-gun,산청군,127.8843379196,35.3685973605,경상남도산청군,"33,598","19,658",1.71,"16,656","16,942",0.98
48,Gyeongsangnam-do,경상남도,48870,Hamyang-gun,함양군,127.7220410571,35.551601706,경상남도함양군,"36,601","20,621",1.77,"17,792","18,809",0.95
48,Gyeongsangnam-do,경상남도,48880,Geochang-gun,거창군,127.9041695513,35.7325521928,경상남도거창군,"59,971","31,223",1.92,"29,525","30,446",0.97
48,Gyeongsangnam-do,경상남도,48890,Hapcheon-gun,합천군,128.1415437039,35.5765774549,경상남도합천군,"40,879","23,914",1.71,"20,029","20,850",0.96
50,Jeju-do,제주특별자치도,50110,Jeju-si,제주시,126.5292476123,33.4422018792,제주특별자치도제주시,"489,780","224,974",2.18,"244,552","245,228",1.0
50,Jeju-do,제주특별자치도,50130,Seogwipo-si,서귀포시,126.5810385835,33.3249819065,제주특별자치도서귀포시,"182,995","88,823",2.06,"92,122","90,873",1.01
51,Gangwon-do,강원특별자치도,51110,Chuncheon-si,춘천시,127.7398684439,37.8897967867,강원특별자치도춘천시,"286,695","136,782",2.1,"141,529","145,166",0.97
51,Gangwon-do,강원특별자치도,51130,Wonju-si,원주시,127.9295253343,37.3082228774,강원특별자치도원주시,"361,223","172,087",2.1,"179,013","182,210",0.98
51,Gangwon-do,강원특별자치도,51150,Gangneung-si,강릉시,128.8323788599,37.7091019724,강원특별자치도강릉시,"208,627","104,056",2.0,"103,389","105,238",0.98
51,Gangwon-do,강원특별자치도,51170,Donghae-si,동해시,129.0556276162,37.5067198237,강원특별자치도동해시,"88,094","43,443",2.03,"44,700","43,394",1.03
51,Gangwon-do,강원특별자치도,51190,Taebaek-si,태백시,128.9800726125,37.1723124096,강원특별자치도태백시,"38,272","20,275",1.89,"19,340","18,932",1.02
51,Gangwon-do,강원특별자치도,51210,Sokcho-si,속초시,128.5195484084,38.1760311549,강원특별자치도속초시,"81,615","41,412",1.97,"40,346","41,269",0.98
51,Gangwon-do,강원특별자치도,51230,Samcheok-si,삼척시,129.1218985734,37.277449225,강원특별자치도삼척시,"62,501","33,996",1.84,"31,821","30,680",1.04
51,Gangwon-do,강원특별자치도,51720,Hongcheon-gun,홍천군,128.0742608511,37.7450490652,강원특별자치도홍천군,"67,206","34,782",1.93,"34,625","32,581",1.06
51,Gangwon-do,강원특별자치도,51730,Hoengseong-gun,횡성군,128.0770673994,37.5091420709,강원특별자치도횡성군,"46,355","23,990",1.93,"23,831","22,524",1.06
51,Gangwon-do,강원특별자치도,51750,Yeongwol-gun,영월군,128.5002960342,37.2041136139,강원특별자치도영월군,"37,160","21,298",1.74,"19,219","17,941",1.07
51,Gangwon-do,강원특별자치도,51760,Pyeongchang-gun,평창군,128.4825899889,37.5568392092,강원특별자치도평창군,"40,537","22,063",1.84,"21,000","19,537",1.07
51,Gangwon-do,강원특별자치도,51770,Jeongseon-gun,정선군,128.7390631646,37.3786862919,강원특별자치도정선군,"33,950","19,262",1.76,"17,714","16,236",1.09
51,Gangwon-do,강원특별자치도,51780,Cheorwon-gun,철원군,127.3989243952,38.2390852278,강원특별자치도철원군,"41,063","20,460",2.01,"21,235","19,828",1.07
51,Gangwon-do,강원특별자치도,51790,Hwacheon-gun,화천군,127.6851657125,38.1384262834,강원특별자치도화천군,"22,821","11,976",1.91,"12,220","10,601",1.15
51,Gangwon-do,강원특별자치도,51800,Yanggu-gun,양구군,128.0002063756,38.1756087929,강원특별자치도양구군,"20,945","10,488",2.0,"10,972","9,973",1.1
51,Gangwon-do,강원특별자치도,51810,Inje-gun,인제군,128.2647271532,38.0646002611,강원특별자치도인제군,"31,768","16,771",1.89,"17,283","14,485",1.19
51,Gangwon-do,강원특별자치도,51820,Goseong-gun,고성군,128.4111555276,38.3627536323,강원특별자치도고성군,"27,221","15,392",1.77,"13,964","13,257",1.05
51,Gangwon-do,강원특별자치도,51830,Yangyang-gun,양양군,128.5951041324,38.0045104948,강원특별자치도양양군,"27,608","15,035",1.84,"14,137","13,471",1.05
52,Jeonbuk-do,전북특별자치도,52111,"Wansan-gu, Jeonju-si",전주시 완산구,127.1207644183,35.7912493694,전북특별자치도전주시완산구,"325,282","153,521",2.12,"157,913","167,369",0.94
52,Jeonbuk-do,전북특별자치도,52113,"Deokjin-gu, Jeonju-si",전주시 덕진구,127.1117531998,35.8583232572,전북특별자치도전주시덕진구,"314,838","143,508",2.19,"156,396","158,442",0.99
52,Jeonbuk-do,전북특별자치도,52130,Gunsan-si,군산시,126.7260152462,35.950438943,전북특별자치도군산시,"258,841","124,325",2.08,"131,198","127,643",1.03
52,Jeonbuk-do,전북특별자치도,52140,Iksan-si,익산시,126.9895101698,36.023105554,전북특별자치도익산시,"268,488","130,191",2.06,"133,658","134,830",0.99
52,Jeonbuk-do,전북특별자치도,52180,Jeongeup-si,정읍시,126.9058575445,35.6026246604,전북특별자치도정읍시,"103,079","54,737",1.88,"51,395","51,684",0.99
52,Jeonbuk-do,전북특별자치도,52190,Namwon-si,남원시,127.4418897374,35.4225447969,전북특별자치도남원시,"76,233","39,927",1.91,"37,381","38,852",0.96
52,Jeonbuk-do,전북특별자치도,52210,Gimje-si,김제시,126.8948856958,35.806716444,전북특별자치도김제시,"81,185","43,789",1.85,"40,583","40,602",1.0
52,Jeonbuk-do,전북특별자치도,52710,Wanju-gun,완주군,127.2151146375,35.9186144442,전북특별자치도완주군,"98,770","49,349",2.0,"50,625","48,145",1.05
52,Jeonbuk-do,전북특별자치도,52720,Jinan-gun,진안군,127.4300354413,35.8288074542,전북특별자치도진안군,"24,496","13,691",1.79,"12,489","12,007",1.04
52,Jeonbuk-do,전북특별자치도,52730,Muju-gun,무주군,127.7129531107,35.9393673572,전북특별자치도무주군,"23,160","13,030",1.78,"11,582","11,578",1.0
52,Jeonbuk-do,전북특별자치도,52740,Jangsu-gun,장수군,127.5442640733,35.6574609767,전북특별자치도장수군,"20,833","11,553",1.8,"10,464","10,369",1.01
52,Jeonbuk-do,전북특별자치도,52750,Imsil-gun,임실군,127.2366622137,35.5982423857,전북특별자치도임실군,"25,815","14,948",1.73,"13,320","12,495",1.07
52,Jeonbuk-do,전북특별자치도,52770,Sunchang-gun,순창군,127.0900869739,35.4336343019,전북특별자치도순창군,"26,804","14,378",1.86,"13,162","13,642",0.96
52,Jeonbuk-do,전북특별자치도,52790,Gochang-gun,고창군,126.6160461838,35.4481675713,전북특별자치도고창군,"51,489","28,749",1.79,"25,688","25,801",1.0
52,Jeonbuk-do,전북특별자치도,52800,Buan-gun,부안군,126.6443560177,35.6779184257,전북특별자치도부안군,"48,734","27,622",1.76,"24,279","24,455",0.99
